[{
    "conversation_day":"Today",
    "conversation":[
        {
            "time":"6:48 AM",
            "message":"Hello",
            "type":"text",
            "user_id":"78292dd2-d528-11e6-8231-03310204a97d"
        },{
            "time":"6:48 AM",
            "message":"It's me",
            "type":"text",
            "user_id":"78292dd2-d528-11e6-8231-03310204a97d"
        },{
            "time":"6:50 AM",
            "message":"Hi Jason. How're you doing",
            "type":"text",
            "user_id":"58eb3803-f42e-4ea8-b3c5-979845a509e8"
        },{
            "time":"6:51 AM",
            "message":"Great, how about you?",
            "type":"text",
            "user_id":"78292dd2-d528-11e6-8231-03310204a97d"
        },{
            "time":"6:52 AM",
            "message":"Am good. Any news for me?",
            "type":"text",
            "user_id":"58eb3803-f42e-4ea8-b3c5-979845a509e8"
        },{
            "time":"6:53 AM",
            "message":"Mmmmh... Was just saying hi",
            "type":"text",
            "user_id":"78292dd2-d528-11e6-8231-03310204a97d"
        },{
            "time":"6:53 AM",
            "message":"howdoyoudoaspace",
            "type":"text",
            "user_id":"58eb3803-f42e-4ea8-b3c5-979845a509e8"
        }
    ]
    
}]