{
  "$schema": "./node_modules/@angular/cli/lib/config/schema.json",
  "project": {
    "name": "client"
  },
  "apps": [
    {
      "root": "src",
      "outDir": "dist",
      "assets": [
        "assets",
        "favicon.ico"
      ],
      "index": "index.html",
      "main": "main.ts",
      "polyfills": "polyfills.ts",
      "test": "test.ts",
      "tsconfig": "tsconfig.app.json",
      "testTsconfig": "tsconfig.spec.json",
      "prefix": "app",
      "styles": [
        "../node_modules/admin-lte/bootstrap/css/bootstrap.min.css",
        "assets/css/font-awesome.min.css",
        "../node_modules/admin-lte/plugins/iCheck/all.css",
        "../node_modules/admin-lte/plugins/iCheck/square/blue.css",
        "../node_modules/admin-lte/plugins/datatables/dataTables.bootstrap.css",
        "../node_modules/admin-lte/plugins/select2/select2.min.css",
        "../node_modules/admin-lte/plugins/colorpicker/bootstrap-colorpicker.min.css",
        "../node_modules/admin-lte/plugins/daterangepicker/daterangepicker.css",
        "../node_modules/admin-lte/plugins/datepicker/datepicker3.css",
        "../node_modules/admin-lte/dist/css/AdminLTE.min.css",
        "../node_modules/sweetalert2/dist/sweetalert2.min.css",
        "assets/css/animate.css",
        "assets/css/skin-black.css",
        "../node_modules/ng2-toastr/bundles/ng2-toastr.min.css",
        "styles.css"
      ],
      "scripts": [
        "../node_modules/admin-lte/plugins/jQuery/jquery-2.2.3.min.js",
        "../node_modules/admin-lte/plugins/jQueryUI/jquery-ui.min.js",
        "../node_modules/admin-lte/bootstrap/js/bootstrap.min.js",
        "assets/js/blob-util.js",
        "assets/js/moment.min.js",
        "../node_modules/admin-lte/plugins/datatables/jquery.dataTables.min.js",
        "../node_modules/admin-lte/plugins/datatables/dataTables.bootstrap.min.js",
        "../node_modules/admin-lte/plugins/fastclick/fastclick.js",
        "../node_modules/admin-lte/plugins/iCheck/icheck.min.js",
        "../node_modules/admin-lte/plugins/slimScroll/jquery.slimscroll.min.js",
        "../node_modules/admin-lte/plugins/select2/select2.full.min.js",
        "../node_modules/admin-lte/plugins/daterangepicker/daterangepicker.js",
        "../node_modules/admin-lte/plugins/datepicker/bootstrap-datepicker.js",
        "../node_modules/admin-lte/plugins/colorpicker/bootstrap-colorpicker.min.js",
        "../node_modules/admin-lte/dist/js/app.js",
        "../node_modules/sweetalert2/dist/sweetalert2.min.js",
        "../node_modules/admin-lte/dist/js/demo.js"
      ],
      "environmentSource": "environments/environment.ts",
      "environments": {
        "dev": "environments/environment.ts",
        "prod": "environments/environment.prod.ts"
      }
    }
  ],
  "e2e": {
    "protractor": {
      "config": "./protractor.conf.js"
    }
  },
  "lint": [
    {
      "project": "src/tsconfig.app.json"
    },
    {
      "project": "src/tsconfig.spec.json"
    },
    {
      "project": "e2e/tsconfig.e2e.json"
    }
  ],
  "test": {
    "karma": {
      "config": "./karma.conf.js"
    }
  },
  "defaults": {
    "styleExt": "css",
    "component": {}
  }
}
