[
    {
        "payorId": 1,
        "state": "SD",
        "billToName": "Keri",
        "billToAddress1": "505 White Oak St.",
        "billToAddress2": "13 Green Fabien Drive",
        "billToCity": "Santa Ana",
        "billToPostalCode": "20347",
        "phoneNumber": "5755735000",
        "alternatePhoneNumber": "847-924-3757",
        "faxNumber": "110475-1404",
        "notes": "in et plorum Sed et vobis quo novum quantare estum. trepicandor in quad gravis si e esset quad quantare",
        "contact": "QKFQ5BRT5OOS4UZ2UQKRCCPNKLBBGJ6XNY9ZP4NWPFKTO6YJEF",
        "createdOn": "1991-09-10T14:58:22",
        "updatedOn": "1965-06-05T13:56:51"
    },
    {
        "payorId": 2,
        "state": "NV",
        "billToName": "Lena24",
        "billToAddress1": "786 Cowley Avenue",
        "billToAddress2": "787 Rocky Milton St.",
        "billToCity": "Jersey",
        "billToPostalCode": "22207",
        "phoneNumber": "336-363-1822",
        "alternatePhoneNumber": "896-686-0440",
        "faxNumber": "266800-8078",
        "notes": "delerium. quad fecit, gravis quoque essit. quartu sed linguens esset non Pro Quad delerium. gravis Sed",
        "contact": "ZVSUBM9CTX3K8W1O24UZBDRZW1YSIBVRRDJ6U3YPGKO6D81R0Q",
        "createdOn": "1954-04-21T08:09:48",
        "updatedOn": "1970-06-10T05:45:28"
    },
    {
        "payorId": 3,
        "state": "NV",
        "billToName": "Manuel5",
        "billToAddress1": "320 Green Old Parkway",
        "billToAddress2": "97 Clarendon Avenue",
        "billToCity": "Jersey",
        "billToPostalCode": "53897",
        "phoneNumber": "135694-5117",
        "alternatePhoneNumber": "3754668722",
        "faxNumber": "615-3371237",
        "notes": "quo non fecit. si quo, quo et et et brevens, non quo, vobis nomen gravis e bono glavans plorum vobis",
        "contact": "7JDBG9PI45XHDPX6ID5BVVFX82XX",
        "createdOn": "1967-08-09T00:42:33",
        "updatedOn": "2006-01-16T14:25:53"
    },
    {
        "payorId": 4,
        "state": "MI",
        "billToName": "Luz89",
        "billToAddress1": "77 Hague St.",
        "billToAddress2": "99 Second Street",
        "billToCity": "Spokane",
        "billToPostalCode": "60149",
        "phoneNumber": "8910388439",
        "alternatePhoneNumber": "192-400-0847",
        "faxNumber": "493-972-1155",
        "notes": "dolorum et quoque si vantis. pars et linguens gravis e transit. linguens apparens gravis regit, Versus",
        "contact": "WP8YL2QUARODA3L3SGE7FUUKP1B3G3EBRP7GOIRM6B8M",
        "createdOn": "1988-06-01T07:10:44",
        "updatedOn": "2000-02-26T17:27:16"
    },
    {
        "payorId": 5,
        "state": "IL",
        "billToName": "Jim",
        "billToAddress1": "838 Cowley Parkway",
        "billToAddress2": "157 White Milton Avenue",
        "billToCity": "Louisville",
        "billToPostalCode": "32294",
        "phoneNumber": "6512543921",
        "alternatePhoneNumber": "4746161377",
        "faxNumber": "397988-8814",
        "notes": "apparens quad quartu pars manifestum fecit. Multum regit, Multum eggredior. plurissimum quo, pars homo,",
        "contact": "YKSTTFLJPE1UN9KRME6DCLLV5EAPR14M83RGJ9MNSS1B6L197V",
        "createdOn": "1963-09-23T19:29:57",
        "updatedOn": "1988-07-22T19:21:23"
    },
    {
        "payorId": 6,
        "state": "MN",
        "billToName": "Seth",
        "billToAddress1": "502 Green New Street",
        "billToAddress2": "377 Clarendon Freeway",
        "billToCity": "Chicago",
        "billToPostalCode": "89520",
        "phoneNumber": "256-273-8468",
        "alternatePhoneNumber": "864-0243649",
        "faxNumber": "5629768839",
        "notes": "trepicandor in e fecundio, habitatio transit. vantis. et quo novum et Longam, non funem. fecit. quantare",
        "contact": "79YKX9E8B32BDMTFF6CI56ZVDTNG3EIF01LE8L4VZNVXSA9HS4",
        "createdOn": "1953-11-28T06:01:32",
        "updatedOn": "2001-12-20T05:40:17"
    },
    {
        "payorId": 7,
        "state": "MN",
        "billToName": "Roberto64",
        "billToAddress1": "863 Old Boulevard",
        "billToAddress2": "64 Rocky First St.",
        "billToCity": "Memphis",
        "billToPostalCode": "32803",
        "phoneNumber": "264005-3410",
        "alternatePhoneNumber": "628-126-9264",
        "faxNumber": "172157-6107",
        "notes": "non et regit, eggredior. habitatio quo, linguens et estum. plorum et quartu estum. gravis nomen Longam, si novum Et",
        "contact": "MG91G09GZCOY4MOA1LQJ7UVV6AHRSD5V9HB03V0CY6UDK0ZWSY",
        "createdOn": "1994-12-21T21:03:59",
        "updatedOn": "1964-08-13T23:49:25"
    },
    {
        "payorId": 8,
        "state": "AK",
        "billToName": "Marvin2",
        "billToAddress1": "42 Second Parkway",
        "billToAddress2": "406 Green Old Drive",
        "billToCity": "Nashville",
        "billToPostalCode": "91248",
        "phoneNumber": "006-3829185",
        "alternatePhoneNumber": "032431-2246",
        "faxNumber": "0584905316",
        "notes": "nomen quo, plorum plurissimum nomen manifestum parte Multum travissimantor Versus quartu fecundio, Versus sed",
        "contact": "JUYYT1D9S4XQBNBZVXNXW3IWVWARXQOQ2SIUWZQSY0VOI0WUTQ",
        "createdOn": "1967-05-11T01:55:07",
        "updatedOn": "1994-12-12T09:56:57"
    },
    {
        "payorId": 9,
        "state": "WY",
        "billToName": "Clifford915",
        "billToAddress1": "45 South Rocky Hague Freeway",
        "billToAddress2": "43 Clarendon Drive",
        "billToCity": "Bakersfield",
        "billToPostalCode": "78556",
        "phoneNumber": "7867431051",
        "alternatePhoneNumber": "967-9525928",
        "faxNumber": "158-061-0905",
        "notes": "Sed quo, vobis estum. estis Multum pars Et esset vobis transit. Id rarendum rarendum bono et estum. venit.",
        "contact": "0C5Y38H2XPO85NH1A68XL6I33L3N5OWVXEVUJDAO45AM3OEZSJ",
        "createdOn": "2005-03-18T19:02:22",
        "updatedOn": "1957-01-07T21:22:34"
    },
    {
        "payorId": 10,
        "state": "IA",
        "billToName": "Pedro",
        "billToAddress1": "78 Nobel Avenue",
        "billToAddress2": "876 Green Second Freeway",
        "billToCity": "Tampa",
        "billToPostalCode": "47121",
        "phoneNumber": "852774-3476",
        "alternatePhoneNumber": "860-0383050",
        "faxNumber": "878-303-2743",
        "notes": "volcans dolorum delerium. Versus plorum linguens Et manifestum quad quo quo cognitio, funem. quad plorum",
        "contact": "XAACLUCRM1F40I8V3O2JXQM5X3TW32D1HIDXQFPIBEIYDE34A1",
        "createdOn": "1980-12-03T08:39:52",
        "updatedOn": "2001-03-15T11:08:37"
    },
    {
        "payorId": 11,
        "state": "TX",
        "billToName": "Tabatha",
        "billToAddress1": "820 Green Fabien Freeway",
        "billToAddress2": "253 South Old Freeway",
        "billToCity": "Mesa",
        "billToPostalCode": "83751",
        "phoneNumber": "819-474-6666",
        "alternatePhoneNumber": "880-351-5052",
        "faxNumber": "8401284357",
        "notes": "parte quo, novum essit. apparens e Multum quad fecit, manifestum parte novum fecit, fecit, e plurissimum",
        "contact": "MMGGYRGPTNBCFYT6JAZ1UKDVZNCVHLILMW40RBUHRKPXABVXD7",
        "createdOn": "1976-08-08T11:41:19",
        "updatedOn": "1962-02-15T04:38:08"
    },
    {
        "payorId": 12,
        "state": "AK",
        "billToName": "Pedro86",
        "billToAddress1": "844 Cowley Boulevard",
        "billToAddress2": "756 Rocky First Parkway",
        "billToCity": "Boston",
        "billToPostalCode": "83306",
        "phoneNumber": "2304919438",
        "alternatePhoneNumber": "4026145797",
        "faxNumber": "5848471156",
        "notes": "quoque parte manifestum gravis gravum sed brevens, quo quo trepicandor imaginator delerium. bono funem. si",
        "contact": "3H6S0TJZ4YE5SFDR19DXF4XEO11ECWI9ZS6OWY51Z31D2MR7ZB",
        "createdOn": "1977-09-03T11:44:34",
        "updatedOn": "1965-08-12T16:48:29"
    },
    {
        "payorId": 13,
        "state": "NE",
        "billToName": "Kristy92",
        "billToAddress1": "864 Milton Boulevard",
        "billToAddress2": "336 Nobel Way",
        "billToCity": "Fort Wayne",
        "billToPostalCode": "75755",
        "phoneNumber": "3779020188",
        "alternatePhoneNumber": "892798-3459",
        "faxNumber": "3285855830",
        "notes": "delerium. non et funem. quad habitatio in bono bono parte estis brevens, fecundio, Pro cognitio, Sed",
        "contact": "BJ0L456APAWU2PE77JG69FEXVR34X4HOW9E29N3DOPZSNW3KBI",
        "createdOn": "1979-06-18T18:39:59",
        "updatedOn": "1962-04-10T14:34:21"
    },
    {
        "payorId": 14,
        "state": "OH",
        "billToName": "John4",
        "billToAddress1": "499 Nobel Drive",
        "billToAddress2": "89 North Rocky Clarendon Way",
        "billToCity": "Omaha",
        "billToPostalCode": "88411",
        "phoneNumber": "007037-9042",
        "alternatePhoneNumber": "086-287-6337",
        "faxNumber": "9564373611",
        "notes": "non venit. plurissimum sed quo sed e in fecit, pladior quartu quoque quartu ut imaginator regit, si plorum",
        "contact": "RNDSUEDVXO99I07RKC2PXEDKXJPWEMDRS34EMS36PKGKTJTFXG",
        "createdOn": "1988-05-27T19:45:15",
        "updatedOn": "1962-01-08T04:34:35"
    },
    {
        "payorId": 15,
        "state": "AR",
        "billToName": "Tyler",
        "billToAddress1": "759 South Hague Road",
        "billToAddress2": "198 East Green New Freeway",
        "billToCity": "Little Rock",
        "billToPostalCode": "12287",
        "phoneNumber": "045-8992105",
        "alternatePhoneNumber": "5535774286",
        "faxNumber": "061256-6367",
        "notes": "et quartu bono regit, non quad Longam, volcans sed non bono linguens et venit. transit. quoque gravis",
        "contact": "0CR3UXTH7459A1DI3CW4NREFH1GJFHIC9BH25P9UEFS8SJGCDR",
        "createdOn": "1983-04-28T17:15:43",
        "updatedOn": "1966-10-28T01:17:55"
    },
    {
        "payorId": 16,
        "state": "MI",
        "billToName": "Jared",
        "billToAddress1": "47 East Green Old Freeway",
        "billToAddress2": "75 Rocky Hague Way",
        "billToCity": "Birmingham",
        "billToPostalCode": "70132",
        "phoneNumber": "212-863-9959",
        "alternatePhoneNumber": "165-717-9286",
        "faxNumber": "9076500412",
        "notes": "e et quad non gravis linguens homo, quad volcans sed fecundio, imaginator quoque gravis gravis vobis quartu",
        "contact": "0PDGN0ZHEHO0IFQWSE0SP1P4XJRVALBKM1WUS",
        "createdOn": "1985-12-27T04:28:13",
        "updatedOn": "1965-05-03T22:30:00"
    },
    {
        "payorId": 17,
        "state": "WY",
        "billToName": "Tyler239",
        "billToAddress1": "208 North Cowley Parkway",
        "billToAddress2": "148 Green Fabien Drive",
        "billToCity": "Indianapolis",
        "billToPostalCode": "74046",
        "phoneNumber": "959665-1176",
        "alternatePhoneNumber": "461-7162094",
        "faxNumber": "963-978-3823",
        "notes": "estis trepicandor plorum travissimantor parte Multum travissimantor sed e e si manifestum travissimantor vobis",
        "contact": null,
        "createdOn": "1979-11-07T02:29:38",
        "updatedOn": "2002-12-19T20:33:27"
    },
    {
        "payorId": 18,
        "state": "PR",
        "billToName": "Julian0",
        "billToAddress1": "13 Old Street",
        "billToAddress2": "332 Rocky Oak Boulevard",
        "billToCity": "Buffalo",
        "billToPostalCode": "77107",
        "phoneNumber": "922872-3010",
        "alternatePhoneNumber": "991-089-4885",
        "faxNumber": "060-2964550",
        "notes": "si fecit, quo, estis rarendum homo, travissimantor novum delerium. novum in Versus non dolorum quad plorum",
        "contact": "3X8XI2BIL697FO164Z08I3836T54EGIW4RA2KSINTEYLM36NIG",
        "createdOn": "1978-11-03T09:35:22",
        "updatedOn": "1957-12-10T07:49:30"
    },
    {
        "payorId": 19,
        "state": "ME",
        "billToName": "Cari61",
        "billToAddress1": "314 Green Milton Freeway",
        "billToAddress2": "203 Rocky First Road",
        "billToCity": "Colorado",
        "billToPostalCode": "99233",
        "phoneNumber": "939-612-6597",
        "alternatePhoneNumber": "3818049975",
        "faxNumber": "743-9952254",
        "notes": "imaginator ut apparens Pro volcans venit. fecit, essit. vantis. gravum plurissimum egreddior nomen in",
        "contact": "JPJ8QY5ADIGACHVE47YLG1KN3UJJRDO4SKLYPUF1UVD7DQTVN4",
        "createdOn": "1994-12-10T23:07:53",
        "updatedOn": "1996-06-06T17:26:23"
    },
    {
        "payorId": 20,
        "state": "WV",
        "billToName": "Dallas1",
        "billToAddress1": "607 North Green Nobel Boulevard",
        "billToAddress2": "55 Green Clarendon Blvd.",
        "billToCity": "Yonkers",
        "billToPostalCode": "06124",
        "phoneNumber": "797777-1365",
        "alternatePhoneNumber": "7120075612",
        "faxNumber": "736-3479060",
        "notes": "Tam vobis pladior quad venit. gravis nomen nomen vobis nomen pars Quad estis imaginator plorum travissimantor",
        "contact": "5E7905XPUHFO3FZU5LJA48B4KRGOU2LPB1HUZJ3QMIF0TKWQ44",
        "createdOn": "2004-11-20T00:29:32",
        "updatedOn": "1971-03-09T19:19:10"
    },
    {
        "payorId": 21,
        "state": "OR",
        "billToName": "Dante7",
        "billToAddress1": "750 Rocky New Way",
        "billToAddress2": "78 Green New Freeway",
        "billToCity": "Madison",
        "billToPostalCode": "59502",
        "phoneNumber": "545825-7901",
        "alternatePhoneNumber": "931382-9516",
        "faxNumber": "328-848-0021",
        "notes": "quis glavans Versus et linguens plorum fecit. estum. novum apparens nomen e plorum Quad esset quo, regit,",
        "contact": "TJDI67XKWPH2MVK7FD99J75QV4UM6G586PYB0CJXU0H2EN5KWQ",
        "createdOn": "2001-10-09T05:19:02",
        "updatedOn": "1954-01-31T04:36:33"
    },
    {
        "payorId": 22,
        "state": "IL",
        "billToName": "Xavier4",
        "billToAddress1": "81 First Street",
        "billToAddress2": "40 South Green First Freeway",
        "billToCity": "Norfolk",
        "billToPostalCode": "34377",
        "phoneNumber": "2754322652",
        "alternatePhoneNumber": "103362-2168",
        "faxNumber": "9321923675",
        "notes": "quartu regit, Id si esset fecit. vobis linguens delerium. parte volcans imaginator non Longam, quad fecundio,",
        "contact": "7LCXDOHKIL1H5Q8ONJPBZ",
        "createdOn": "1985-06-19T17:27:40",
        "updatedOn": "1998-12-16T19:20:21"
    },
    {
        "payorId": 23,
        "state": "RI",
        "billToName": "Cassie924",
        "billToAddress1": "555 Clarendon Street",
        "billToAddress2": "823 Old Boulevard",
        "billToCity": "Columbus",
        "billToPostalCode": "74284",
        "phoneNumber": "357-201-5352",
        "alternatePhoneNumber": "191672-8806",
        "faxNumber": "935-043-2459",
        "notes": "funem. novum linguens e plorum nomen eggredior. homo, venit. dolorum delerium. pladior gravum quo, fecit. brevens,",
        "contact": "LWAAF33LYRKBPBJBTECRWXNL6HPL2WZOXO0GM29DGXMAXU1X4B",
        "createdOn": "1980-12-29T10:13:51",
        "updatedOn": "1990-04-16T05:31:06"
    },
    {
        "payorId": 24,
        "state": "MI",
        "billToName": "Gavin12",
        "billToAddress1": "613 Fabien Parkway",
        "billToAddress2": "83 Oak Drive",
        "billToCity": "Austin",
        "billToPostalCode": "30419",
        "phoneNumber": "7664702179",
        "alternatePhoneNumber": "591-4253103",
        "faxNumber": "226-5703027",
        "notes": "venit. ut et parte plorum fecit, Id non ut plorum vantis. Longam, si novum nomen e si fecit, e quartu",
        "contact": "V25PZYURST1DLRTMVF4G37JRRD0DV6UCXKOHVQ0O6V6CXJ2L1",
        "createdOn": "1956-08-23T03:28:38",
        "updatedOn": "1975-11-09T10:56:01"
    },
    {
        "payorId": 25,
        "state": "GU",
        "billToName": "Julio",
        "billToAddress1": "59 Green First Drive",
        "billToAddress2": "38 Rocky New Road",
        "billToCity": "Little Rock",
        "billToPostalCode": "04782",
        "phoneNumber": "2631281636",
        "alternatePhoneNumber": "213-933-3824",
        "faxNumber": "273758-5013",
        "notes": "si cognitio, eudis ut venit. esset habitatio parte venit. plurissimum Sed eudis non travissimantor novum dolorum egreddior",
        "contact": "W1HKPNJEXMYGVLZPF02CR5EG9807U8BEBHASUCV0XGTEQPZLC8",
        "createdOn": "1993-08-19T14:00:21",
        "updatedOn": "1999-01-09T05:23:03"
    },
    {
        "payorId": 26,
        "state": "OR",
        "billToName": "Myra541",
        "billToAddress1": "383 Nobel Parkway",
        "billToAddress2": "640 Second Avenue",
        "billToCity": "San Diego",
        "billToPostalCode": "85918",
        "phoneNumber": "179-5985577",
        "alternatePhoneNumber": "455302-8338",
        "faxNumber": "742-1052290",
        "notes": "delerium. pars bono linguens imaginator quantare gravis Et et regit, essit. glavans quad transit. et quo, quad quorum",
        "contact": "3I20I2CZ2SHX7RRSL2SRGL951OKJQNIOHNS0WMMMV4CLVLVQQI",
        "createdOn": "1963-12-26T09:55:59",
        "updatedOn": "1999-05-11T00:44:39"
    },
    {
        "payorId": 27,
        "state": "MS",
        "billToName": "Angel2",
        "billToAddress1": "90 Green New Road",
        "billToAddress2": "52 Hague Avenue",
        "billToCity": "Newark",
        "billToPostalCode": "07467",
        "phoneNumber": "0318064860",
        "alternatePhoneNumber": "5796561500",
        "faxNumber": "016-5167349",
        "notes": "non imaginator nomen eggredior. Multum fecundio, nomen Versus glavans glavans quis ut habitatio essit.",
        "contact": "019VF4ZOZWAN1THBC7BG1RLKS70T05C6RF1SNFN0C41Q9Y4H9Y",
        "createdOn": "1977-07-08T09:57:05",
        "updatedOn": "1969-10-21T12:19:23"
    },
    {
        "payorId": 28,
        "state": "UT",
        "billToName": "Noah63",
        "billToAddress1": "514 Second Blvd.",
        "billToAddress2": "831 First Street",
        "billToCity": "Arlington",
        "billToPostalCode": "71115",
        "phoneNumber": "7445252870",
        "alternatePhoneNumber": "600-7532911",
        "faxNumber": "567971-2151",
        "notes": "fecit. non quantare regit, bono et vobis essit. egreddior essit. apparens novum egreddior et fecit. habitatio",
        "contact": "J1WX07SSCYDFV6G7753IPKBCWTFQIME85KMMWM3OTZCPJ3GXGJ",
        "createdOn": "2005-04-27T04:44:40",
        "updatedOn": "1984-05-26T06:18:23"
    },
    {
        "payorId": 29,
        "state": "PW",
        "billToName": "Kristian55",
        "billToAddress1": "14 Rocky Second Street",
        "billToAddress2": "296 Green Cowley Road",
        "billToCity": "Oakland",
        "billToPostalCode": "02168",
        "phoneNumber": "640-8450098",
        "alternatePhoneNumber": "5046928981",
        "faxNumber": "458349-6764",
        "notes": "eudis Quad vantis. venit. trepicandor sed Pro et quad plurissimum et et plorum quo bono rarendum Longam,",
        "contact": null,
        "createdOn": "1985-11-25T17:43:57",
        "updatedOn": "2001-02-03T00:42:12"
    },
    {
        "payorId": 30,
        "state": "OH",
        "billToName": "Gregory8",
        "billToAddress1": "617 North Hague Avenue",
        "billToAddress2": "286 White Clarendon Blvd.",
        "billToCity": "Lincoln",
        "billToPostalCode": "34070",
        "phoneNumber": "627-118-8730",
        "alternatePhoneNumber": "791831-0321",
        "faxNumber": "756-5532013",
        "notes": "venit. bono quad eudis quartu sed si Sed quo, et nomen quad eggredior. pladior linguens gravis quad quo parte",
        "contact": "BQBLPLXYX04IX1LHEY94NQY46OLWRMB4MYCWTT3JGMA1YSY25M",
        "createdOn": "1966-10-25T16:42:21",
        "updatedOn": "1956-02-10T22:54:00"
    },
    {
        "payorId": 31,
        "state": "GA",
        "billToName": "Regina",
        "billToAddress1": "26 Oak Boulevard",
        "billToAddress2": "24 Nobel Blvd.",
        "billToCity": "Bakersfield",
        "billToPostalCode": "85278",
        "phoneNumber": "026-9763846",
        "alternatePhoneNumber": "635012-7743",
        "faxNumber": "354-1580649",
        "notes": "quorum Multum e e fecundio, novum quorum plorum imaginator egreddior quartu Tam trepicandor cognitio,",
        "contact": "44KS7F1Z17BO0VZPOOLVPO0GW5EQJQ5A1KITR4ME2KFFZCYWYC",
        "createdOn": "2003-09-02T11:50:57",
        "updatedOn": "1968-12-23T04:00:29"
    },
    {
        "payorId": 32,
        "state": "VT",
        "billToName": "Leah50",
        "billToAddress1": "70 East Second Blvd.",
        "billToAddress2": "74 Rocky Second St.",
        "billToCity": "Tucson",
        "billToPostalCode": "15668",
        "phoneNumber": "527-907-5677",
        "alternatePhoneNumber": "861-2742903",
        "faxNumber": "106651-9129",
        "notes": "transit. Id Multum funem. ut quartu et Longam, e plorum e venit. Quad Quad delerium. Tam brevens, rarendum",
        "contact": "J91VI1QBGABHT1147IVQXYRCBYZ1V6ZYRT8U2IGNR8C4LEQLM2",
        "createdOn": "1977-05-11T10:45:29",
        "updatedOn": "1991-11-05T12:01:34"
    },
    {
        "payorId": 33,
        "state": "TN",
        "billToName": "Holly411",
        "billToAddress1": "68 Oak Blvd.",
        "billToAddress2": "942 East Green Oak Way",
        "billToCity": "San Jose",
        "billToPostalCode": "07313",
        "phoneNumber": "005-849-9613",
        "alternatePhoneNumber": "261431-5609",
        "faxNumber": "336032-2795",
        "notes": "linguens dolorum egreddior in quad pladior travissimantor e et parte et plurissimum et sed non gravis",
        "contact": "9MDGT1S4VOR6MVXIUI9HLZSATCJAQHEBLWU5QCELXNJCUVK8YF",
        "createdOn": "1970-09-20T21:09:47",
        "updatedOn": "1992-11-01T08:18:06"
    },
    {
        "payorId": 34,
        "state": "ND",
        "billToName": "Adrian",
        "billToAddress1": "88 West First Drive",
        "billToAddress2": "72 Nobel Avenue",
        "billToCity": "Miami",
        "billToPostalCode": "68888",
        "phoneNumber": "2615009462",
        "alternatePhoneNumber": "088321-8905",
        "faxNumber": "904131-8438",
        "notes": "ut apparens fecundio, pladior fecit, et Id e fecit. Pro non gravis quo, eggredior. volcans in quartu Tam",
        "contact": "AHXXQTLAOOX3F962DAV76NGDQA5SDLPP664WBIUVGH3T5J4O9E",
        "createdOn": "1989-09-25T21:23:19",
        "updatedOn": "1991-02-11T11:38:08"
    },
    {
        "payorId": 35,
        "state": "GA",
        "billToName": "Jeannie",
        "billToAddress1": "83 White New Boulevard",
        "billToAddress2": "64 White Milton Avenue",
        "billToCity": "Wichita",
        "billToPostalCode": "32758",
        "phoneNumber": "398-220-1366",
        "alternatePhoneNumber": "118-065-4506",
        "faxNumber": "9287998736",
        "notes": "Longam, delerium. quad plorum et Pro Quad volcans imaginator estis travissimantor dolorum homo, pladior",
        "contact": "QM70I5P8XK70QNH0URTN3YMOSQE6UWCX1TO0AY0MXMN4F3EMVJ",
        "createdOn": "1969-09-22T23:07:55",
        "updatedOn": "1988-12-05T21:57:22"
    },
    {
        "payorId": 36,
        "state": "MS",
        "billToName": "Caroline170",
        "billToAddress1": "809 White New Freeway",
        "billToAddress2": "55 East Cowley Street",
        "billToCity": "Bakersfield",
        "billToPostalCode": "53758",
        "phoneNumber": "284-9470068",
        "alternatePhoneNumber": "5743010506",
        "faxNumber": "9558750143",
        "notes": "Versus non brevens, estum. quad manifestum fecit, fecit. glavans manifestum nomen trepicandor funem. linguens si",
        "contact": "43RL518H7VWER8N1EX2C259F1Z72IH4I8LNBGFQTNCAP15U89P",
        "createdOn": "1969-12-10T20:10:15",
        "updatedOn": "1972-04-29T08:54:31"
    },
    {
        "payorId": 37,
        "state": "OR",
        "billToName": "Samantha680",
        "billToAddress1": "83 First St.",
        "billToAddress2": "810 Milton Parkway",
        "billToCity": "Memphis",
        "billToPostalCode": null,
        "phoneNumber": "4869719565",
        "alternatePhoneNumber": "535-487-4367",
        "faxNumber": "694-984-9168",
        "notes": "vobis in Versus quad eudis eudis ut linguens quad quo, si Sed regit, quad quo quad vobis non volcans non",
        "contact": "LHHH6HP3CMCU35175VHQNJS3S9Y3KOJZGYIOOMJTGPEH9DPRZZ",
        "createdOn": "1997-06-11T08:19:25",
        "updatedOn": "1988-01-02T09:35:02"
    },
    {
        "payorId": 38,
        "state": "CA",
        "billToName": "Tracy6",
        "billToAddress1": "82 Oak Drive",
        "billToAddress2": "60 White New Avenue",
        "billToCity": "Tacoma",
        "billToPostalCode": "00290",
        "phoneNumber": "1340939198",
        "alternatePhoneNumber": "714143-0917",
        "faxNumber": "394-284-2737",
        "notes": "quad quoque delerium. parte pladior si Id Sed vobis quorum quartu quad eudis Quad habitatio rarendum plurissimum et manifestum",
        "contact": "ELADCHYPC2X37E8LOE",
        "createdOn": "1974-11-07T16:55:35",
        "updatedOn": "1957-05-02T23:19:43"
    },
    {
        "payorId": 39,
        "state": "OR",
        "billToName": "Telly",
        "billToAddress1": "94 Green Old Freeway",
        "billToAddress2": "979 Second St.",
        "billToCity": "Columbus",
        "billToPostalCode": "24446",
        "phoneNumber": "252-267-4768",
        "alternatePhoneNumber": "458195-7907",
        "faxNumber": "655-933-0146",
        "notes": "ut bono egreddior Pro eggredior. Tam nomen egreddior nomen ut Versus sed Et glavans non delerium. regit, in",
        "contact": "SEWWFY2I4R89P3IKPM8YC701U2HW78LTMA5IHOVF9ZTY4S8ZOT",
        "createdOn": "1969-02-27T14:51:39",
        "updatedOn": "1978-07-30T13:21:04"
    },
    {
        "payorId": 40,
        "state": "VI",
        "billToName": "Moses",
        "billToAddress1": "136 North New Drive",
        "billToAddress2": "716 Cowley Way",
        "billToCity": "Rochester",
        "billToPostalCode": "01020",
        "phoneNumber": "472-6504595",
        "alternatePhoneNumber": "0448151010",
        "faxNumber": "706-060-7525",
        "notes": "Quad funem. imaginator vantis. rarendum delerium. manifestum Id fecit. quorum in non Tam et gravis gravis linguens et",
        "contact": "DQPOYY3PQAMPMNR96XR40R4O2IIFB23B1P06ROAWIZPXM7ETRD",
        "createdOn": "1964-10-06T20:23:25",
        "updatedOn": "1995-12-29T07:26:27"
    },
    {
        "payorId": 41,
        "state": "MS",
        "billToName": "Scottie98",
        "billToAddress1": "821 West Green Oak St.",
        "billToAddress2": "17 Green Clarendon Freeway",
        "billToCity": "Colorado",
        "billToPostalCode": "09723",
        "phoneNumber": "782-324-5503",
        "alternatePhoneNumber": "579848-7604",
        "faxNumber": "2573530605",
        "notes": "sed manifestum nomen et gravum bono imaginator manifestum non Sed gravis estum. et quis manifestum venit. venit. cognitio, dolorum gravis nomen quad nomen",
        "contact": "ZHQBNJH3NQ71TT6SAHQS4H3DLSW52Z1RWXLX7FP6JCWVRXUFUZ",
        "createdOn": "1990-07-18T17:26:46",
        "updatedOn": "1977-10-08T10:26:57"
    },
    {
        "payorId": 42,
        "state": "KS",
        "billToName": "Sandy",
        "billToAddress1": "186 Milton Avenue",
        "billToAddress2": "910 Nobel Drive",
        "billToCity": "Richmond",
        "billToPostalCode": "45710",
        "phoneNumber": "324-1867561",
        "alternatePhoneNumber": "235644-3006",
        "faxNumber": "047-103-9442",
        "notes": "novum Et fecit, et estum. pars brevens, manifestum fecit, cognitio, vobis volcans quad rarendum Et nomen Versus quad si",
        "contact": "VYAPNI506Z7E2OXE5EE7YMN1VP6N3O6J4G6ZUCABTBZCYBNGZL",
        "createdOn": "2007-01-18T05:20:02",
        "updatedOn": "1967-05-01T20:52:20"
    },
    {
        "payorId": 43,
        "state": "MN",
        "billToName": "Quentin84",
        "billToAddress1": "351 White Old Way",
        "billToAddress2": "765 Nobel St.",
        "billToCity": "Tulsa",
        "billToPostalCode": "04911",
        "phoneNumber": "772-6441378",
        "alternatePhoneNumber": "084-091-6536",
        "faxNumber": "407-548-1783",
        "notes": "quad linguens vantis. delerium. gravis e plurissimum non Pro apparens nomen estis cognitio, novum et Longam, in transit. Multum",
        "contact": "KH4BMGADXKDGFWCX1VH1TI3DLLFZREW1J26MNU6X439SFEE8N2",
        "createdOn": "1953-07-30T09:03:36",
        "updatedOn": "1985-01-16T02:07:04"
    },
    {
        "payorId": 44,
        "state": "SC",
        "billToName": "Molly557",
        "billToAddress1": "80 Fabien Parkway",
        "billToAddress2": "24 Cowley St.",
        "billToCity": "Shreveport",
        "billToPostalCode": "57885",
        "phoneNumber": "0461078232",
        "alternatePhoneNumber": "2017420292",
        "faxNumber": "4553781242",
        "notes": null,
        "contact": "M5PEBKIUQXJOC5EG5B3MOXEKD9V8IR82I3PWQTKFDTEKG397ID",
        "createdOn": "1989-11-24T15:20:24",
        "updatedOn": "1996-02-14T18:20:48"
    },
    {
        "payorId": 45,
        "state": "PR",
        "billToName": "Marc53",
        "billToAddress1": "643 Oak Street",
        "billToAddress2": "990 Oak Boulevard",
        "billToCity": "San Francisco",
        "billToPostalCode": "59665",
        "phoneNumber": "8637308770",
        "alternatePhoneNumber": "8319182120",
        "faxNumber": "810-0875670",
        "notes": "brevens, travissimantor novum et glavans non plorum quis regit, si Id egreddior quoque et Sed ut gravis Longam, novum",
        "contact": "NMMMYJ2EZ27GCIGEST6YKEXYT21HJTMU9IB01EYF7ABPHT70V8",
        "createdOn": "1972-04-22T16:55:29",
        "updatedOn": "2001-04-21T07:03:46"
    },
    {
        "payorId": 46,
        "state": "IN",
        "billToName": "Bernard475",
        "billToAddress1": "766 Hague Street",
        "billToAddress2": "331 Green Old Freeway",
        "billToCity": "Wichita",
        "billToPostalCode": "33255",
        "phoneNumber": "808-298-6049",
        "alternatePhoneNumber": "118-3916567",
        "faxNumber": "419495-6184",
        "notes": "Tam sed linguens esset delerium. venit. nomen quo, estis quorum vobis linguens Multum Pro quad eudis",
        "contact": "1G6B8FHSYND8XP4KSHL98GB3QFBV1N",
        "createdOn": "1984-01-24T04:33:54",
        "updatedOn": "1977-07-01T14:30:38"
    },
    {
        "payorId": 47,
        "state": "MP",
        "billToName": "Pablo21",
        "billToAddress1": "64 New Freeway",
        "billToAddress2": "564 North Milton Freeway",
        "billToCity": "Mobile",
        "billToPostalCode": "48765",
        "phoneNumber": "411-409-6475",
        "alternatePhoneNumber": "809-2361129",
        "faxNumber": "396-964-6872",
        "notes": "pars novum et parte quantare novum linguens quo, volcans glavans Tam fecit, novum e fecit. eudis quo,",
        "contact": "RUQZQH32Y0DZ1K79Y1WCM60NL42LS3LRA9LE6QE2PFN8VGAJI6",
        "createdOn": "1981-03-19T09:16:12",
        "updatedOn": "1999-12-04T09:53:34"
    },
    {
        "payorId": 48,
        "state": "IL",
        "billToName": "Summer1",
        "billToAddress1": "961 Green Fabien Avenue",
        "billToAddress2": "10 Fabien Street",
        "billToCity": "Hialeah",
        "billToPostalCode": "21494",
        "phoneNumber": "337738-8794",
        "alternatePhoneNumber": "512-8379249",
        "faxNumber": "707-926-9694",
        "notes": "quis egreddior parte quad glavans gravis quo quo quoque e delerium. dolorum nomen fecit. e vobis regit,",
        "contact": "937MG5BC47KB4RWEW34J2MCFZS5QSCOI1R995CWD8885ANC17N",
        "createdOn": "2006-11-28T11:32:00",
        "updatedOn": "2007-10-09T03:52:24"
    },
    {
        "payorId": 49,
        "state": "GU",
        "billToName": "Megan42",
        "billToAddress1": "596 East Rocky Nobel St.",
        "billToAddress2": "73 Green New Freeway",
        "billToCity": "Yonkers",
        "billToPostalCode": "18077",
        "phoneNumber": "790-7558168",
        "alternatePhoneNumber": "341-129-7421",
        "faxNumber": "892-6937774",
        "notes": "plorum et quantare quorum Id Sed quartu Pro fecundio, novum quo quad non essit. Longam, esset fecundio,",
        "contact": "X38B3MG83FN4BH8HDJ0ELYDA59LLDEV8VFBXAYKCNJ8O9VTT04",
        "createdOn": "1987-06-06T18:36:58",
        "updatedOn": "1992-10-20T03:34:52"
    },
    {
        "payorId": 50,
        "state": "AR",
        "billToName": "Ramon",
        "billToAddress1": "503 First Boulevard",
        "billToAddress2": "597 White Milton Boulevard",
        "billToCity": "Omaha",
        "billToPostalCode": "31337",
        "phoneNumber": "713-3250279",
        "alternatePhoneNumber": "172-535-5205",
        "faxNumber": "622635-0331",
        "notes": "Versus brevens, non estum. si non quantare plorum et Sed fecit, eggredior. parte nomen fecit. sed si fecundio,",
        "contact": "0XWE9BLH5BQET3UN8CXC6L7MH4VBHZLWK37FVC2H32YIWJUL33",
        "createdOn": "1982-08-20T13:52:24",
        "updatedOn": "1989-11-26T11:08:28"
    },
    {
        "payorId": 51,
        "state": "OH",
        "billToName": "Beth4",
        "billToAddress1": "25 South New Drive",
        "billToAddress2": "327 Cowley Street",
        "billToCity": null,
        "billToPostalCode": "07917",
        "phoneNumber": "704-7337706",
        "alternatePhoneNumber": "087-6982117",
        "faxNumber": "3706537617",
        "notes": "manifestum gravis funem. quoque linguens gravis Id et et quantare novum dolorum Quad Et esset et rarendum",
        "contact": "07W31I7PAC8XARTRUJV4Z794DHROE2MVNNPF7I1KT906GN6MEL",
        "createdOn": "1983-01-03T09:54:00",
        "updatedOn": "1989-05-25T02:34:43"
    },
    {
        "payorId": 52,
        "state": "VA",
        "billToName": "Constance25",
        "billToAddress1": "29 West Hague Freeway",
        "billToAddress2": "21 Green First St.",
        "billToCity": "Arlington",
        "billToPostalCode": "24806",
        "phoneNumber": "670-745-4445",
        "alternatePhoneNumber": "4162949886",
        "faxNumber": "241743-4328",
        "notes": "delerium. quo egreddior bono Tam funem. egreddior ut et plorum quo glavans egreddior funem. pars quo, quo",
        "contact": "61HTXV03H5YVUZFY65LMJ4ZQ57JWXS6TSWAZALQNCN13SXHP0J",
        "createdOn": "1967-08-04T03:09:56",
        "updatedOn": "1992-05-17T08:26:46"
    },
    {
        "payorId": 53,
        "state": "VA",
        "billToName": "Michelle2",
        "billToAddress1": "90 New Drive",
        "billToAddress2": "631 New Freeway",
        "billToCity": "St. Petersburg",
        "billToPostalCode": "59135",
        "phoneNumber": "585-7733752",
        "alternatePhoneNumber": "924-977-2844",
        "faxNumber": "252-0610837",
        "notes": "et quartu e non novum novum quad essit. funem. plurissimum manifestum Longam, Versus non imaginator Sed pladior",
        "contact": "SA8ZLYEX0GIMJUWDYWBE7Q4UQBXZLHKWZDCL1UMYY9FTJKUK4N",
        "createdOn": "2004-08-14T13:20:31",
        "updatedOn": "1989-08-04T22:25:31"
    },
    {
        "payorId": 54,
        "state": "VI",
        "billToName": "Angel0",
        "billToAddress1": "31 White Second Avenue",
        "billToAddress2": "88 West Nobel St.",
        "billToCity": "Indianapolis",
        "billToPostalCode": "95534",
        "phoneNumber": "628-2152596",
        "alternatePhoneNumber": "328365-0496",
        "faxNumber": "928-5159386",
        "notes": "non transit. et gravum fecit, vobis Tam parte non parte gravis Et fecundio, delerium. quad Sed gravis",
        "contact": "HOU0AHSBZFUWMD1YF3WH7L4R1H5YDK04TA1XPI1HQWSTMU8JM0",
        "createdOn": "2000-06-29T05:07:02",
        "updatedOn": "1956-09-13T11:25:01"
    },
    {
        "payorId": 55,
        "state": "CA",
        "billToName": "Tisha64",
        "billToAddress1": "135 East Old Drive",
        "billToAddress2": "97 South Oak Avenue",
        "billToCity": "Cleveland",
        "billToPostalCode": "56592",
        "phoneNumber": "398919-8307",
        "alternatePhoneNumber": "811-079-7319",
        "faxNumber": "3251395211",
        "notes": "Id e apparens novum quis ut et quantare habitatio pladior regit, quantare vobis Longam, linguens Sed Longam,",
        "contact": "I4UDX13NQ",
        "createdOn": "2001-05-06T20:34:56",
        "updatedOn": "1957-05-12T20:54:00"
    },
    {
        "payorId": 56,
        "state": "CO",
        "billToName": "Wendell536",
        "billToAddress1": "39 Green Fabien Drive",
        "billToAddress2": "770 South Oak Way",
        "billToCity": "Fort Worth",
        "billToPostalCode": "41035",
        "phoneNumber": "992-253-3203",
        "alternatePhoneNumber": "349700-2643",
        "faxNumber": "8052581074",
        "notes": "linguens non sed brevens, quo, si Et volcans sed fecit, quartu habitatio trepicandor cognitio, si quantare quad pladior e",
        "contact": "E0H6G7XVBX0JJ2REH0KTYTB5F65SKO60JIXNHODUZWVKXYKRMI",
        "createdOn": "1959-03-24T21:30:41",
        "updatedOn": "1974-06-19T18:36:30"
    },
    {
        "payorId": 57,
        "state": "WV",
        "billToName": "Marcella8",
        "billToAddress1": "320 Green Second Boulevard",
        "billToAddress2": "367 Rocky New Street",
        "billToCity": "Dayton",
        "billToPostalCode": "41367",
        "phoneNumber": "2874954274",
        "alternatePhoneNumber": "4811615250",
        "faxNumber": "675737-6227",
        "notes": "quis quo habitatio quad quoque novum linguens Longam, Multum egreddior quartu quo, pars et esset estum.",
        "contact": "2SUM7TXXJLIMQGD4MN",
        "createdOn": "1981-04-21T21:55:56",
        "updatedOn": "1988-02-24T00:14:21"
    },
    {
        "payorId": 58,
        "state": "DE",
        "billToName": "Alonzo368",
        "billToAddress1": "26 East Second Way",
        "billToAddress2": "59 Milton Road",
        "billToCity": "Wichita",
        "billToPostalCode": null,
        "phoneNumber": "808-3277644",
        "alternatePhoneNumber": "056559-7071",
        "faxNumber": "2938717498",
        "notes": "Quad Longam, sed habitatio plurissimum quo novum quo et Versus si vobis nomen non non et quartu vobis in habitatio cognitio, non Sed",
        "contact": "4AONZ8JO3F6T",
        "createdOn": "1963-12-17T21:13:54",
        "updatedOn": "1983-03-11T03:29:52"
    },
    {
        "payorId": 59,
        "state": "NH",
        "billToName": "Brent28",
        "billToAddress1": "734 East Clarendon Parkway",
        "billToAddress2": "718 West Rocky New Drive",
        "billToCity": "Pittsburgh",
        "billToPostalCode": "30171",
        "phoneNumber": "6160649369",
        "alternatePhoneNumber": "335923-7301",
        "faxNumber": "165-7725343",
        "notes": "essit. Tam ut eggredior. travissimantor in vantis. Versus linguens Multum fecit, vantis. vantis. novum volcans",
        "contact": "QVKXYEQWAJ2SMFDMJG7O00ME5VEO5UHDSDVVVG58X1UQLUCS52",
        "createdOn": "2002-10-12T17:10:23",
        "updatedOn": "1954-02-18T12:04:13"
    },
    {
        "payorId": 60,
        "state": "NY",
        "billToName": "Brock",
        "billToAddress1": "67 South Cowley Road",
        "billToAddress2": "786 Oak Parkway",
        "billToCity": "Fort Wayne",
        "billToPostalCode": "19693",
        "phoneNumber": "079-346-9095",
        "alternatePhoneNumber": "550707-9889",
        "faxNumber": "9211679572",
        "notes": "gravum et gravum brevens, Longam, quad brevens, plorum novum si quantare linguens quantare quo fecit.",
        "contact": "260TLJKM6RE5ZDO1F6PKLJLN3CTNWUWNHH3R5J5719CXY35V1S",
        "createdOn": "2007-09-28T09:33:57",
        "updatedOn": "1997-03-13T18:36:43"
    },
    {
        "payorId": 61,
        "state": null,
        "billToName": "Richard71",
        "billToAddress1": "16 First St.",
        "billToAddress2": "93 White Fabien Drive",
        "billToCity": "Santa Ana",
        "billToPostalCode": "86335",
        "phoneNumber": "840-3601637",
        "alternatePhoneNumber": "090-1658144",
        "faxNumber": "3390605762",
        "notes": "Multum pladior vantis. volcans gravum regit, pars quartu trepicandor gravum e Versus dolorum travissimantor",
        "contact": "08CJFZWABISWLS2NF3F0UMUR01Y2B82MUQOAKCYTDMH9U9NC0U",
        "createdOn": "1984-05-21T20:04:27",
        "updatedOn": "1985-03-01T17:20:53"
    },
    {
        "payorId": 62,
        "state": "TX",
        "billToName": "Leah6",
        "billToAddress1": "256 Old Avenue",
        "billToAddress2": "396 West White Hague Drive",
        "billToCity": "Cincinnati",
        "billToPostalCode": "12245",
        "phoneNumber": "957-9742417",
        "alternatePhoneNumber": "248-208-3652",
        "faxNumber": "428-431-4807",
        "notes": "eudis Multum quis quad si et venit. plorum novum Tam quorum quo, essit. funem. quis quad essit. quad",
        "contact": "BGF843YEZG1HTP0",
        "createdOn": "1997-08-25T16:19:19",
        "updatedOn": "1988-03-19T17:31:02"
    },
    {
        "payorId": 63,
        "state": "IL",
        "billToName": "Harvey6",
        "billToAddress1": "492 West Second Drive",
        "billToAddress2": "875 White Milton Street",
        "billToCity": "Washington",
        "billToPostalCode": "11348",
        "phoneNumber": "968-423-3706",
        "alternatePhoneNumber": "034-8368912",
        "faxNumber": "109-148-2228",
        "notes": "et quo Tam Id et Quad manifestum imaginator in plorum plurissimum apparens apparens fecundio, travissimantor novum",
        "contact": "J20O9FOETEZKQMIXG19679W9CZ0JP6GHYZ8QQKOWS0FP3DNCY4",
        "createdOn": "1989-06-14T08:11:10",
        "updatedOn": "2001-11-07T09:14:44"
    },
    {
        "payorId": 64,
        "state": "WV",
        "billToName": "Brandy78",
        "billToAddress1": "11 Oak Way",
        "billToAddress2": "74 First Freeway",
        "billToCity": "Montgomery",
        "billToPostalCode": "12860",
        "phoneNumber": "6183270933",
        "alternatePhoneNumber": "552-505-0198",
        "faxNumber": "305-672-0262",
        "notes": "quantare quad in gravis brevens, trepicandor glavans novum quo si quad e quoque et habitatio quoque novum",
        "contact": "L6FPFNXAZNLGJEUGP399I2AUHYPJF5QAEKY6I24FKZITG0OTSI",
        "createdOn": "1991-05-26T02:20:01",
        "updatedOn": "1953-11-28T22:28:33"
    },
    {
        "payorId": 65,
        "state": "ME",
        "billToName": "Daphne0",
        "billToAddress1": "867 Green First Road",
        "billToAddress2": "414 Rocky Clarendon St.",
        "billToCity": "Jacksonville",
        "billToPostalCode": "57578",
        "phoneNumber": "852-4717241",
        "alternatePhoneNumber": "502473-8806",
        "faxNumber": "1624750461",
        "notes": "gravis Multum quad in quad et rarendum Id bono Sed novum quo Sed parte Longam, vobis vantis. transit.",
        "contact": "EI7U2MKEBSLQBCLZ4V0AMI2KGDJW0LI9PVY070HLW68TRN4OWA",
        "createdOn": "1985-04-01T20:48:54",
        "updatedOn": "1985-03-24T07:08:07"
    },
    {
        "payorId": 66,
        "state": "IL",
        "billToName": "Rebekah39",
        "billToAddress1": "65 South Nobel Road",
        "billToAddress2": "358 Clarendon Freeway",
        "billToCity": "Louisville",
        "billToPostalCode": "75795",
        "phoneNumber": "268-0556936",
        "alternatePhoneNumber": "2857410893",
        "faxNumber": "202-4284759",
        "notes": "pars quo bono rarendum estis in quis parte rarendum Id et in esset nomen vobis fecit. glavans linguens",
        "contact": "0Y9INHER2B9L40TOI90CASZD9PSGEFWOZHGSILRTLGD9NKJSVP",
        "createdOn": "2007-03-30T00:55:50",
        "updatedOn": "1978-04-11T16:36:34"
    },
    {
        "payorId": 67,
        "state": "NE",
        "billToName": "Allison202",
        "billToAddress1": "97 Rocky Old Blvd.",
        "billToAddress2": "654 White Oak Avenue",
        "billToCity": "Boston",
        "billToPostalCode": "41615",
        "phoneNumber": "499847-9991",
        "alternatePhoneNumber": "6377767185",
        "faxNumber": "885-694-6469",
        "notes": "plorum regit, non parte Quad novum pars transit. linguens Tam eudis Tam Sed habitatio Et non pladior",
        "contact": "5204D51XGD",
        "createdOn": "1959-12-15T14:34:46",
        "updatedOn": "1980-10-10T08:30:23"
    },
    {
        "payorId": 68,
        "state": "IL",
        "billToName": "Caleb",
        "billToAddress1": "64 First Avenue",
        "billToAddress2": "500 West Rocky Old Boulevard",
        "billToCity": "San Antonio",
        "billToPostalCode": "69465",
        "phoneNumber": "176410-3941",
        "alternatePhoneNumber": "6982521947",
        "faxNumber": "211093-9844",
        "notes": "ut linguens Id esset quoque transit. transit. pars plorum gravis plorum non manifestum quo non quad vobis",
        "contact": "QYCHF161IAV51B8ED0P712CMS0MZO29GGYUA1QLZAJ7O9XZT5Q",
        "createdOn": "1997-09-21T21:16:40",
        "updatedOn": "1979-02-27T02:56:13"
    },
    {
        "payorId": 69,
        "state": "TN",
        "billToName": "Kendall31",
        "billToAddress1": "28 First Blvd.",
        "billToAddress2": "72 New Parkway",
        "billToCity": "Wichita",
        "billToPostalCode": "46028",
        "phoneNumber": "535-7267952",
        "alternatePhoneNumber": "680-403-5289",
        "faxNumber": "726281-3517",
        "notes": "vantis. apparens non vobis imaginator in in Tam Quad et si estis plorum estis in Pro Sed volcans imaginator",
        "contact": "NU8WC7D1H093TXCUDLCG0OQEPA91K85SB31IN4GNJDUO09DRY7",
        "createdOn": "1971-09-05T20:37:20",
        "updatedOn": "1981-02-01T06:37:13"
    },
    {
        "payorId": 70,
        "state": "CO",
        "billToName": "Meghan71",
        "billToAddress1": "312 Clarendon Freeway",
        "billToAddress2": "429 Oak Blvd.",
        "billToCity": null,
        "billToPostalCode": "31698",
        "phoneNumber": "154824-3885",
        "alternatePhoneNumber": "556-0991104",
        "faxNumber": "058355-9422",
        "notes": "quartu quo brevens, et quantare bono et transit. dolorum si quad pars Tam essit. nomen apparens vantis. transit.",
        "contact": "XBG9UGSPVU785OWNT1EGXH3DF70LC2EUXEP7XLUJHNV40KS2S3",
        "createdOn": "1966-05-19T21:05:27",
        "updatedOn": "2002-06-29T16:23:24"
    },
    {
        "payorId": 71,
        "state": "MH",
        "billToName": "Elijah379",
        "billToAddress1": "62 Hague Blvd.",
        "billToAddress2": "30 Clarendon Way",
        "billToCity": "Fremont",
        "billToPostalCode": "63307",
        "phoneNumber": "996548-9181",
        "alternatePhoneNumber": "828-914-6541",
        "faxNumber": "7593813901",
        "notes": "nomen vobis glavans venit. essit. et imaginator et pars parte Versus et quad volcans bono e e Quad fecundio, Sed egreddior",
        "contact": "U6PD3FGXJPMB0A9A9G1WS2TTMXOV0BHZKOAPOKTLMHBPIPFEV1",
        "createdOn": "1996-07-16T20:08:47",
        "updatedOn": "1985-05-01T12:54:58"
    },
    {
        "payorId": 72,
        "state": "CT",
        "billToName": "Fredrick",
        "billToAddress1": "931 Green Old Boulevard",
        "billToAddress2": "71 Cowley Street",
        "billToCity": "Arlington",
        "billToPostalCode": "72640",
        "phoneNumber": "468749-2908",
        "alternatePhoneNumber": "972-5227835",
        "faxNumber": "485305-1752",
        "notes": "e Et quantare esset homo, cognitio, quantare ut volcans sed ut quis et quo, rarendum novum venit. transit. brevens, linguens Quad",
        "contact": "VY3EBFI8FYJ18LUOHLX6LIEHH8UWZL7PNMFYEVOKJDODBG37XZ",
        "createdOn": "1957-12-31T09:34:03",
        "updatedOn": "1998-08-19T21:13:43"
    },
    {
        "payorId": 73,
        "state": "NY",
        "billToName": "Teri8",
        "billToAddress1": "121 Milton Road",
        "billToAddress2": "61 Fabien Drive",
        "billToCity": "Minneapolis",
        "billToPostalCode": "79730",
        "phoneNumber": "8307297720",
        "alternatePhoneNumber": "399-2464120",
        "faxNumber": "769852-1421",
        "notes": "delerium. brevens, quantare venit. venit. estis novum et vobis linguens parte quartu venit. nomen et",
        "contact": "ZDNZMLXAG6SG2KUC1N2AU8MRDLZJ739WLKJ6SXBAPY6TY7THN5",
        "createdOn": "1962-09-06T18:43:43",
        "updatedOn": "1987-05-12T18:28:26"
    },
    {
        "payorId": 74,
        "state": "OH",
        "billToName": "Abel",
        "billToAddress1": "356 Fabien Road",
        "billToAddress2": "12 New St.",
        "billToCity": "Memphis",
        "billToPostalCode": "98253",
        "phoneNumber": "643690-4056",
        "alternatePhoneNumber": "5583965917",
        "faxNumber": "353-082-7968",
        "notes": "pladior venit. pladior in non si linguens nomen nomen apparens quad manifestum Pro brevens, quo, vobis",
        "contact": "0JDQMHHJTZ804RBLJXAGJQQPEBMYUREQ1MK132CDK8GXW54Z4V",
        "createdOn": "1983-03-07T02:44:28",
        "updatedOn": "1953-06-10T09:59:56"
    },
    {
        "payorId": 75,
        "state": "FM",
        "billToName": "Jason22",
        "billToAddress1": "43 Nobel St.",
        "billToAddress2": "418 West Green Milton Blvd.",
        "billToCity": "Louisville",
        "billToPostalCode": "14666",
        "phoneNumber": "630619-2711",
        "alternatePhoneNumber": "189-650-5130",
        "faxNumber": "529-791-9650",
        "notes": "non Quad brevens, Id brevens, funem. quis linguens Sed novum et travissimantor rarendum transit. travissimantor sed",
        "contact": "KFUSVID1JU0KGJCJ1CAIMV9DR7WHKSXTAO2SYT2HJ1LDN6QVL3",
        "createdOn": "1967-05-06T07:02:45",
        "updatedOn": "2001-05-31T08:52:12"
    },
    {
        "payorId": 76,
        "state": "NM",
        "billToName": "Geoffrey901",
        "billToAddress1": "919 South Oak Drive",
        "billToAddress2": "301 Clarendon Parkway",
        "billToCity": "Lubbock",
        "billToPostalCode": "25395",
        "phoneNumber": "929-8508266",
        "alternatePhoneNumber": "402-2954228",
        "faxNumber": "884-630-9390",
        "notes": "rarendum fecundio, quo delerium. in essit. sed Et apparens in fecundio, quorum regit, delerium. quantare Sed habitatio",
        "contact": "JL79SZL9WQLH1VGZE2PLDNHSEVNJUGFVZE2IL9XKIF9QG7K00R",
        "createdOn": "2002-09-20T23:58:59",
        "updatedOn": "1994-10-01T07:44:13"
    },
    {
        "payorId": 77,
        "state": "WY",
        "billToName": "Candice018",
        "billToAddress1": "941 Oak St.",
        "billToAddress2": "18 Oak Way",
        "billToCity": "Portland",
        "billToPostalCode": "15148",
        "phoneNumber": "772377-5502",
        "alternatePhoneNumber": "328618-9579",
        "faxNumber": "883959-4437",
        "notes": "quoque volcans gravum sed delerium. quantare quoque regit, Multum apparens habitatio non apparens sed plorum",
        "contact": "GQJAVQ6N33QFIYPAEC0NIH4MWIG7XYG5791KYQJX30H40ODN7B",
        "createdOn": "1984-11-21T08:24:04",
        "updatedOn": "1966-12-01T17:13:16"
    },
    {
        "payorId": 78,
        "state": "AZ",
        "billToName": "Tia21",
        "billToAddress1": "17 Green Fabien Parkway",
        "billToAddress2": null,
        "billToCity": "Detroit",
        "billToPostalCode": "30635",
        "phoneNumber": "9892041305",
        "alternatePhoneNumber": "156-5781227",
        "faxNumber": "432-842-2149",
        "notes": "fecundio, quo linguens et egreddior et sed e estum. nomen estum. transit. nomen Multum volcans Id gravis Versus homo, non",
        "contact": "QSAAU4CP6Z65691HS5VVPZSXS9A24G6D2IDMNF4QUK5N980EHP",
        "createdOn": "1999-02-03T18:53:27",
        "updatedOn": "2002-03-01T11:10:18"
    },
    {
        "payorId": 79,
        "state": "TN",
        "billToName": "Andrew16",
        "billToAddress1": "446 Hague Way",
        "billToAddress2": "392 South Fabien Parkway",
        "billToCity": "Boston",
        "billToPostalCode": "30150",
        "phoneNumber": "452546-1467",
        "alternatePhoneNumber": "3213382195",
        "faxNumber": "3000203824",
        "notes": "quo, nomen Id Longam, et novum fecundio, sed homo, Sed in Pro gravis plurissimum et gravis fecit. e quo Multum",
        "contact": "G5CI2WKV2ZRXTNXBXQ76IN22ARIFF7H6DB8EWEH",
        "createdOn": "1992-05-01T10:33:08",
        "updatedOn": "1982-07-20T03:52:14"
    },
    {
        "payorId": 80,
        "state": "ND",
        "billToName": "Jonathon573",
        "billToAddress1": "20 East Fabien Freeway",
        "billToAddress2": "89 First Way",
        "billToCity": "Oakland",
        "billToPostalCode": "50018",
        "phoneNumber": "258-027-7271",
        "alternatePhoneNumber": "626-8685493",
        "faxNumber": "103519-4606",
        "notes": "et Tam esset non quis vobis vobis Multum fecit, fecundio, Pro plorum quo et regit, gravis nomen Quad",
        "contact": "YF31UOUOZ8ZTR9CT3A7BD4FUIKJIEJFJ8P73J07LXUG78NE4ZF",
        "createdOn": "1962-07-28T09:26:26",
        "updatedOn": "1974-07-11T14:52:24"
    },
    {
        "payorId": 81,
        "state": "WI",
        "billToName": "Sonya941",
        "billToAddress1": "76 Hague St.",
        "billToAddress2": "856 First Avenue",
        "billToCity": "San Francisco",
        "billToPostalCode": "31521",
        "phoneNumber": "972031-4287",
        "alternatePhoneNumber": "3816398778",
        "faxNumber": "700-3472269",
        "notes": "linguens non estum. vobis si venit. et gravum eudis travissimantor gravum vobis vantis. et homo, Quad quantare",
        "contact": "5SZNUUSUDTTXBSA06CQTVQTARFOJTBL8PEEZLIXQW8CYGANA8H",
        "createdOn": "1990-10-08T00:39:46",
        "updatedOn": "2007-06-06T14:51:05"
    },
    {
        "payorId": 82,
        "state": "MT",
        "billToName": "Leigh7",
        "billToAddress1": "41 North Green Old Way",
        "billToAddress2": "427 Milton Road",
        "billToCity": "Tulsa",
        "billToPostalCode": "38351",
        "phoneNumber": "747546-1787",
        "alternatePhoneNumber": "482-867-7449",
        "faxNumber": "027-179-2190",
        "notes": "dolorum et bono gravis linguens fecit. Id linguens non e novum sed et e eggredior. quartu et quo et dolorum gravum",
        "contact": "DH9XOBYQKZELFJT4JWCCY0HZHQXMSM46KPUR84DEGV1NMMKJK2",
        "createdOn": "1978-08-09T22:25:04",
        "updatedOn": "1970-01-12T08:26:59"
    },
    {
        "payorId": 83,
        "state": "SD",
        "billToName": "Micheal077",
        "billToAddress1": "967 First Way",
        "billToAddress2": "600 Old Drive",
        "billToCity": "Denver",
        "billToPostalCode": "94082",
        "phoneNumber": "264-4299363",
        "alternatePhoneNumber": "844300-3315",
        "faxNumber": "414-2707257",
        "notes": "ut Et pladior et sed si sed Pro travissimantor dolorum Multum brevens, si quis e quartu imaginator si",
        "contact": "AOM96I40CGISOIZJTI4Q0MEZYGI951YVACXCFCSKFYR8G11US9",
        "createdOn": "1970-11-22T10:07:41",
        "updatedOn": "1999-08-06T02:43:31"
    },
    {
        "payorId": 84,
        "state": "NH",
        "billToName": "Jeff9",
        "billToAddress1": "256 White Fabien Blvd.",
        "billToAddress2": "21 White Old Street",
        "billToCity": "Akron",
        "billToPostalCode": "47972",
        "phoneNumber": "849-248-5079",
        "alternatePhoneNumber": "0997187183",
        "faxNumber": "349-1899107",
        "notes": "non quo, quantare si venit. Multum in non quantare glavans nomen linguens Tam plorum Et apparens vobis Versus",
        "contact": "5E4TZUKW9114NKBXCRIAKEBEDH0MTHS9H4RBE1MAKJXIMROWZ9",
        "createdOn": "1956-04-08T03:51:33",
        "updatedOn": "1964-03-10T13:33:44"
    },
    {
        "payorId": 85,
        "state": "MP",
        "billToName": "Erin",
        "billToAddress1": "733 North Green Oak Avenue",
        "billToAddress2": "70 North Fabien Way",
        "billToCity": "Jacksonville",
        "billToPostalCode": null,
        "phoneNumber": "2447775492",
        "alternatePhoneNumber": "2904393808",
        "faxNumber": "246-0822103",
        "notes": "fecit. Sed et Versus imaginator gravis Quad e homo, non nomen quad quantare quo, non Pro quoque estis dolorum vobis",
        "contact": "9OM4GMG58U452ZQ35K6098XTOPBIPSB2HTRTO1R3LCKXHN1NTZ",
        "createdOn": "1991-10-22T06:48:20",
        "updatedOn": "1974-09-17T20:19:17"
    },
    {
        "payorId": 86,
        "state": "IN",
        "billToName": "Nicolas1",
        "billToAddress1": "520 North Green New Avenue",
        "billToAddress2": "51 Nobel Boulevard",
        "billToCity": "Garland",
        "billToPostalCode": "27543",
        "phoneNumber": "283776-8848",
        "alternatePhoneNumber": "552745-6556",
        "faxNumber": "921-8145253",
        "notes": "et pladior delerium. gravis si plorum venit. vantis. fecit. Tam dolorum regit, delerium. nomen pars Pro novum sed quad",
        "contact": "67YKUQ86D3A4ZA8FP5M0MGE2F5JK0QQEP3C4F0BL63KGGMQ8XX",
        "createdOn": "1989-01-30T08:41:00",
        "updatedOn": "1984-08-06T19:33:43"
    },
    {
        "payorId": 87,
        "state": "MN",
        "billToName": "Randal95",
        "billToAddress1": "403 Rocky Oak St.",
        "billToAddress2": null,
        "billToCity": "Washington",
        "billToPostalCode": "19690",
        "phoneNumber": "3504970646",
        "alternatePhoneNumber": "216324-7943",
        "faxNumber": "172-362-4241",
        "notes": "eggredior. nomen Pro fecit, esset quad esset si quorum trepicandor vantis. transit. ut quo, quad quoque",
        "contact": "KK1S4791DXSH8JAJGVETDX7Y2I4M1FRVZ8RQU9YB04WPIA79W3",
        "createdOn": "1980-09-25T21:24:58",
        "updatedOn": "1955-04-03T13:36:02"
    },
    {
        "payorId": 88,
        "state": "GA",
        "billToName": "Brock63",
        "billToAddress1": "25 Old Boulevard",
        "billToAddress2": "14 Hague Avenue",
        "billToCity": "Kansas",
        "billToPostalCode": "70929",
        "phoneNumber": "845779-4808",
        "alternatePhoneNumber": "8102827354",
        "faxNumber": "9757950900",
        "notes": "manifestum manifestum quad parte quo si eggredior. linguens glavans non apparens venit. nomen venit.",
        "contact": "0JD0TKB0DDYJ1EAKZXIVMOPDRMP7NW8ULK9GSSGT8HH6121H6Q",
        "createdOn": "1978-03-23T16:02:44",
        "updatedOn": "1989-02-18T20:53:05"
    },
    {
        "payorId": 89,
        "state": "GU",
        "billToName": "Jimmy667",
        "billToAddress1": "128 Green First Way",
        "billToAddress2": "848 Second Freeway",
        "billToCity": "Seattle",
        "billToPostalCode": "58876",
        "phoneNumber": "9389303170",
        "alternatePhoneNumber": "883-2133074",
        "faxNumber": "728-4872978",
        "notes": "vobis novum et pladior linguens quantare egreddior linguens quo, bono vantis. eggredior. venit. transit. e sed",
        "contact": "OJ61V44XXX1NLXVBZMRDGQ38DIEWYNNHEBIW7I4RJ0NHG2LVGQ",
        "createdOn": "1996-05-21T00:48:23",
        "updatedOn": "1986-10-02T14:44:07"
    },
    {
        "payorId": 90,
        "state": "MI",
        "billToName": "Irene",
        "billToAddress1": "73 South Rocky Old Road",
        "billToAddress2": "414 East Clarendon Drive",
        "billToCity": "Lubbock",
        "billToPostalCode": "96887",
        "phoneNumber": "0393265508",
        "alternatePhoneNumber": "801-546-3887",
        "faxNumber": "573-767-1267",
        "notes": "nomen eudis linguens ut nomen parte et quad quad si bono plorum quad quoque non sed Pro homo, non Quad nomen et",
        "contact": "F2MSAXIF7LOYO2KGATR1B1D7WUBHHNKGIWSVT4EF6TROLMK",
        "createdOn": "1963-07-03T01:37:13",
        "updatedOn": "1967-06-20T03:20:51"
    },
    {
        "payorId": 91,
        "state": "AK",
        "billToName": "William045",
        "billToAddress1": "10 Rocky Second Blvd.",
        "billToAddress2": "855 Green Hague Avenue",
        "billToCity": "Washington",
        "billToPostalCode": "35890",
        "phoneNumber": "698685-4470",
        "alternatePhoneNumber": "070-963-7720",
        "faxNumber": "3521320081",
        "notes": "plurissimum parte linguens non in travissimantor Versus travissimantor vobis quo, ut Longam, fecit. nomen bono",
        "contact": "UITMQXIEOEWGM1YK17FR9ON5FBVI9PM993MZUXQKEE7E8XT5U7",
        "createdOn": "1996-08-19T22:14:18",
        "updatedOn": "1992-03-05T08:40:09"
    },
    {
        "payorId": 92,
        "state": "SD",
        "billToName": "Terence424",
        "billToAddress1": "710 White Second Freeway",
        "billToAddress2": "28 West Old Parkway",
        "billToCity": "Arlington",
        "billToPostalCode": null,
        "phoneNumber": "599-0847709",
        "alternatePhoneNumber": "118-720-3137",
        "faxNumber": "7273570556",
        "notes": "et fecit. si volcans imaginator Multum bono vobis essit. e sed vantis. ut transit. eggredior. vobis plorum",
        "contact": "OSHO1WBBNKMXUZRI5KI78H4RYXLZ5QWW082FGOVMWFLN6MJL01",
        "createdOn": "1986-06-26T11:05:30",
        "updatedOn": "1957-10-25T06:05:09"
    },
    {
        "payorId": 93,
        "state": "VI",
        "billToName": "Mitchell",
        "billToAddress1": "87 New Boulevard",
        "billToAddress2": "76 New St.",
        "billToCity": "Honolulu",
        "billToPostalCode": "99474",
        "phoneNumber": null,
        "alternatePhoneNumber": "336506-2606",
        "faxNumber": "220-771-2535",
        "notes": "transit. in regit, Quad vobis parte plorum in estis quantare et non quad regit, imaginator novum venit. parte",
        "contact": "869KI57PHSYC3MDWKPPP1UL3O4SMWINOKXMCVANYP37DMZTTXE",
        "createdOn": "1980-01-25T23:45:11",
        "updatedOn": "1956-03-15T11:15:30"
    },
    {
        "payorId": 94,
        "state": "MT",
        "billToName": "Megan3",
        "billToAddress1": "318 Nobel Way",
        "billToAddress2": "76 Cowley Avenue",
        "billToCity": "Jackson",
        "billToPostalCode": "70431",
        "phoneNumber": "431422-1866",
        "alternatePhoneNumber": "8152078682",
        "faxNumber": "786-9467855",
        "notes": "estum. imaginator glavans dolorum egreddior Longam, Pro glavans quo et essit. vantis. apparens e fecundio, non",
        "contact": "TVKPC63W3MD38J2US9TYLYMXR2KAGEJUP1AAGT2JW7N7IY35RV",
        "createdOn": "1969-06-01T05:17:41",
        "updatedOn": "1989-05-17T18:44:20"
    },
    {
        "payorId": 95,
        "state": "WY",
        "billToName": "Carlos12",
        "billToAddress1": "196 New Drive",
        "billToAddress2": "394 Oak Street",
        "billToCity": "Bakersfield",
        "billToPostalCode": "32722",
        "phoneNumber": "855-5688419",
        "alternatePhoneNumber": "725-416-1472",
        "faxNumber": "675-8960174",
        "notes": "et si eudis quad in egreddior volcans pars apparens quo, si Pro quis quantare nomen venit. quartu non",
        "contact": "Y37VT4NIQ5LSX9OOSKZGJ3WM0CYM4TKEFV3FD8R5U64QJST616",
        "createdOn": "1988-05-17T00:18:57",
        "updatedOn": "1963-10-30T14:05:33"
    },
    {
        "payorId": 96,
        "state": "ND",
        "billToName": "Lindsey0",
        "billToAddress1": "544 East Rocky Cowley St.",
        "billToAddress2": "77 West Clarendon Boulevard",
        "billToCity": "Oakland",
        "billToPostalCode": "74004",
        "phoneNumber": "975037-3779",
        "alternatePhoneNumber": "0141552580",
        "faxNumber": "721-1818539",
        "notes": "gravis estum. linguens volcans pladior quo cognitio, gravum quad esset cognitio, sed novum homo, novum dolorum",
        "contact": "NNEVCAH8OUAI5AEAM35RVP1QZ07TW24IT6WQW7JBIMDX1RRYRH",
        "createdOn": "2000-11-22T01:07:27",
        "updatedOn": "1997-07-20T16:55:55"
    },
    {
        "payorId": 97,
        "state": "WI",
        "billToName": "Andy3",
        "billToAddress1": "454 East Milton Boulevard",
        "billToAddress2": "624 Rocky Old St.",
        "billToCity": "Seattle",
        "billToPostalCode": "63255",
        "phoneNumber": "2182297531",
        "alternatePhoneNumber": "913-917-6520",
        "faxNumber": "825-493-7293",
        "notes": "quis pladior sed Multum cognitio, si e eggredior. quad non apparens essit. gravum egreddior Versus quis nomen novum nomen trepicandor Tam sed gravum",
        "contact": "OXE1P0MV0CF2DFCQ",
        "createdOn": "1970-08-06T21:08:52",
        "updatedOn": "1973-06-23T11:37:35"
    },
    {
        "payorId": 98,
        "state": "PR",
        "billToName": "Vicki08",
        "billToAddress1": "72 First Road",
        "billToAddress2": "79 Cowley Boulevard",
        "billToCity": "Charlotte",
        "billToPostalCode": "78052",
        "phoneNumber": "012-430-5758",
        "alternatePhoneNumber": "825611-2787",
        "faxNumber": "772570-7679",
        "notes": "in Versus trepicandor vobis quoque glavans brevens, fecit. gravum Tam pars egreddior brevens, et novum Pro",
        "contact": "B9KZPQIRU59KUIX4AE7FIMCLWZ2B9NBTVPAF8YZ6W9VVDA5UIX",
        "createdOn": "1970-03-06T06:43:35",
        "updatedOn": "1984-02-19T03:38:30"
    },
    {
        "payorId": 99,
        "state": "MD",
        "billToName": "Rafael096",
        "billToAddress1": "573 East First Blvd.",
        "billToAddress2": "72 North Old Freeway",
        "billToCity": "Garland",
        "billToPostalCode": "27379",
        "phoneNumber": "888752-7894",
        "alternatePhoneNumber": "826906-8435",
        "faxNumber": "266-754-8809",
        "notes": "dolorum plorum Id trepicandor Tam parte et Tam estum. linguens vobis Versus Multum et novum fecundio,",
        "contact": "5STXFQHVGC7NLR5ILZMG4ISH4GAZULT9SMIRTO2JEE1DJZF5FH",
        "createdOn": "1957-08-25T18:31:29",
        "updatedOn": "1963-11-24T11:12:41"
    },
    {
        "payorId": 100,
        "state": "VT",
        "billToName": "Morgan88",
        "billToAddress1": "210 Oak Drive",
        "billToAddress2": "792 Nobel Street",
        "billToCity": "Fort Worth",
        "billToPostalCode": "06564",
        "phoneNumber": "4961579051",
        "alternatePhoneNumber": "6340987913",
        "faxNumber": "998-0231126",
        "notes": "vobis brevens, delerium. fecit. vobis manifestum quad fecit. non plorum plorum homo, et quorum plorum Versus",
        "contact": "U33WE6VL3GW1S43B9S5KDOYBXOBP3EUDM81S05BAJD0J8IKEPI",
        "createdOn": "1973-01-23T15:59:38",
        "updatedOn": "1976-01-11T14:27:12"
    }
]
